{"cameraMode":{"drawMode":0,"name":"Shaded","section":"Shading Mode"},"sceneLighting":false,"audioPlay":false,"sceneViewState":{"m_AlwaysRefresh":false,"showFog":true,"showSkybox":false,"showFlares":true,"showImageEffects":true,"showParticleSystems":true,"showVisualEffectGraphs":true,"m_FxEnabled":true},"in2DMode":false,"pivot":{"x":-0.3105330765247345,"y":-1.3348698616027833,"z":2.550243377685547},"rotation":{"x":-0.24229830503463746,"y":0.023861167952418329,"z":-0.005961236543953419,"w":-0.9698906540870667},"size":6.676976203918457,"orthographic":false}